<?xml version="1.0" encoding="utf-8"?>
<install type="component" version="1.5.0">
 <name>Kaltura Video</name>
 <!-- The following elements are optional and free of formatting constraints -->
 <creationDate>2009-09-21</creationDate>
 <author>Kaltura</author>
 <authorEmail>joomla@kaltura.com</authorEmail>
 <authorUrl>http:corp.kaltura.com</authorUrl>
 <copyright>Copyright Info</copyright>
 <license>License Info</license>
 <!--  The version string is recorded in the components table -->
 <version>1.01</version>
 <!-- The description is optional and defaults to the name -->
 <description>With this component you can activate your Kaltura Video extension</description>
  <languages>
    <language tag="en-GB">language/en-GB/en-GB.com_kalturavideo.ini</language>
  </languages>

  <!-- The config paramters -->
  <install>
    <sql>
      <file charset="utf8" driver="mysql">install.sql</file>
    </sql>
  </install>

  <uninstall>
    <sql>
      <file charset="utf8" driver="mysql">uninstall.sql</file>
    </sql>
  </uninstall>

  <!-- Site Main File Copy Section -->
 <!-- Note the folder attribute: This attribute describes the folder
      to copy FROM in the package to install therefore files copied
      in this section are copied from /site/ in the package -->
  <files folder="site">
  <filename>controller.php</filename>
  <filename>kalturavideo.php</filename>
  <filename>index.html</filename>  
  <filename>lib.php</filename>
  <filename>views/index.html</filename>
  <filename>views/kaltura/index.html</filename>
  <filename>views/kaltura/view.html.php</filename>
  <filename>views/kaltura/tmpl/default.php</filename>
  <filename>views/kaltura/tmpl/index.html</filename>
  <filename>views/editmix/index.html</filename>
  <filename>views/editmix/view.html.php</filename>
  <filename>views/editmix/tmpl/default.php</filename>
  <filename>views/editmix/tmpl/index.html</filename>
  <filename>views/createmix/index.html</filename>
  <filename>views/createmix/view.raw.php</filename>
  <filename>views/createmix/tmpl/default.php</filename>
  <filename>views/createmix/tmpl/index.html</filename>
  <filename>client/kaltura_helpers.php</filename>
  <filename>client/kaltura_logger.php</filename>
  <filename>client/kaltura_settings.php</filename>
  <filename>client/KalturaClient.php</filename>
  <filename>client/KalturaClientBase.php</filename>
  <filename>js/jquery.js</filename>
  <filename>js/swfobject.js</filename>
  <filename>css/kaltura_ie6.css</filename>
  <filename>css/kaltura_ie7.css</filename>
  <filename>css/kaltura_styles.css</filename>
  <filename>css/kaltura_rt.css</filename>
  <filename>images/j_button2_kaltura.png</filename>
 </files>
 
 <administration>
  <!-- Administration Menu Section -->
  <menu>Kaltura Video</menu>

   <languages>
     <language tag="en-GB">language/en-GB/en-GB.com_kalturavideo.ini</language>
   </languages>

   <!-- Administration Main File Copy Section -->
   <files folder="admin">
     <filename>install.sql</filename>
     <filename>uninstall.sql</filename>
   </files>

   <files folder="site">
 <filename>controller.php</filename>
  <filename>kalturavideo.php</filename>
  <filename>index.html</filename>
  <filename>lib.php</filename>
  <filename>views/index.html</filename>
  <filename>views/kaltura/index.html</filename>
  <filename>views/kaltura/view.html.php</filename>
  <filename>views/kaltura/tmpl/default.php</filename>
  <filename>views/kaltura/tmpl/index.html</filename>
  <filename>views/editmix/index.html</filename>
  <filename>views/editmix/view.html.php</filename>
  <filename>views/editmix/tmpl/default.php</filename>
  <filename>views/editmix/tmpl/index.html</filename>
  <filename>views/admin/index.html</filename>
  <filename>views/admin/view.html.php</filename>
  <filename>views/admin/tmpl/default.php</filename>
  <filename>views/admin/tmpl/index.html</filename>
  <filename>views/importsettings/index.html</filename>
  <filename>views/importsettings/view.html.php</filename>
  <filename>views/importsettings/tmpl/default.php</filename>
  <filename>views/importsettings/tmpl/index.html</filename>
  <filename>views/createmix/index.html</filename>
  <filename>views/createmix/view.raw.php</filename>
  <filename>views/createmix/tmpl/default.php</filename>
  <filename>views/createmix/tmpl/index.html</filename>
  <filename>views/playlist/index.html</filename>
  <filename>views/playlist/view.html.php</filename>
  <filename>views/playlist/tmpl/default.php</filename>
  <filename>views/playlist/tmpl/index.html</filename>
  <filename>client/kaltura_helpers.php</filename>
  <filename>client/kaltura_logger.php</filename>
  <filename>client/kaltura_settings.php</filename>
  <filename>client/KalturaClient.php</filename>
  <filename>client/KalturaClientBase.php</filename>
  <filename>js/jquery.js</filename>
  <filename>js/swfobject.js</filename>
  <filename>css/kaltura_ie6.css</filename>
  <filename>css/kaltura_ie7.css</filename>
  <filename>css/kaltura_styles.css</filename>
  <filename>css/kaltura_rt.css</filename>     
  <filename>images/j_button2_kaltura.png</filename>
 </files>
 </administration>
</install>
