<?xml version="1.0" encoding="utf-8"?>
<install version="1.5" type="plugin" group="editors-xtd">
	<name>Editor Button - Kaltura Video</name>
	<author>Homsys</author>
	<creationDate>September 2009</creationDate>
	<copyright>Copyright (C) 2005 - 2008 Open Source Matters. All rights reserved.</copyright>
	<license>http://www.gnu.org/licenses/gpl-2.0.html GNU/GPL</license>
	<authorEmail>ofer@homsys.co.il</authorEmail>
	<authorUrl>www.homsys.co.il</authorUrl>
	<version>1.5</version>
	<description>KALTURAADDDESC</description>
  <languages>
    <language tag="en-GB">language/en-GB/en-GB.plg_editors-xtd_kalturaadd.ini</language>
  </languages>
  <files>
		<filename plugin="kalturaadd">kalturaadd.php</filename>
	</files>
	<params>
		<param name="KALTURAAD" type="text" size="5" default="50" label="KALTURAAD" description="KALTURAAD"/>
	</params>
	<params />
</install>
